{
  "controller_type": "neural",
  "genes": [
    -0.7051143821489965,
    0.039811119975520434,
    1.1280463175243305,
    0.08314914598114309,
    0.6565369962832809,
    -0.02416472377931954,
    0.7122244159797613,
    -0.5224613876513937,
    0.2339367267191598,
    -0.3263391021225469,
    -0.2496776420679369,
    -0.2708799137367127,
    0.12738224607843457,
    -0.12057677780994738,
    0.22642844140231444,
    0.07837286088945407,
    -0.5456025000216105,
    -0.42919806088526713,
    1.1488029008080587,
    -0.4064330537951279,
    0.902096616257282,
    0.059210263685501,
    0.4284812708892314,
    0.3794132235143397,
    0.23293029997402165,
    -0.23166868109239133,
    0.0905715328831559,
    0.42413466104801045,
    -0.0014054414203509974,
    -0.23956563904817918,
    -0.2224528755181105,
    -0.07192234595555988,
    0.6517051866344958,
    1.4727666141776385,
    0.3782673037918656,
    -0.059694970782753376,
    0.09283987605924068,
    -0.18802852078796203,
    1.0059539351356066,
    -0.7877779815512386,
    -0.4392562233069082,
    -0.13082730508053309,
    0.9615361160169406,
    -0.7434376453781744,
    -0.20031037922404007,
    0.9517527642999505,
    -0.2993397316286147,
    -1.4552521111797307,
    0.08239728825567046,
    -0.1655836084238534,
    -0.5423976180474654,
    0.12471372810964876,
    0.5862917853282511,
    0.7337381728936132,
    -1.4622133582979648,
    -1.4136514764919368,
    0.07152893036824746,
    0.754486204914166,
    0.48631231414114595,
    1.5322960283911522,
    -0.3845768481590428,
    -0.04599549137894485,
    -0.16552087394669296,
    -0.18998441283483103,
    0.08130723069030744,
    -0.09002039684419072,
    0.011973474766419238,
    -0.16744958530067802,
    -0.3091307400347825,
    2.2974995977499835,
    -0.7970500702103173,
    -0.7010362803636931,
    0.07932176938625281,
    -0.6703668179149649,
    0.34702514435129467,
    -0.16673664599260676,
    -0.04090504136124312,
    -0.021277509350794546,
    0.8130173311650347,
    0.41674690812755044,
    0.22306264070700907,
    -0.049312778439354665,
    0.11958829935512637,
    1.355065239587392,
    -0.7366167316718379,
    -0.4973912062583937,
    0.5479787359721321,
    -1.0949017650372406,
    0.28886543759864103,
    1.0049753922340097
  ],
  "fitness": 804.1892374311808,
  "result": {
    "fitness": 804.1892374311808,
    "distance": 507.17943635859876,
    "laps": 3,
    "avg_cte": 2.6747144015679343,
    "avg_speed": 4.718459751435885,
    "steps": 2000,
    "time": 100.0
  },
  "generations": 50,
  "pop_size": 100
}