{
  "controller_type": "geometric",
  "genes": [
    0.1,
    0.1,
    4.9948360277140065,
    0.3542143965060808,
    18.847845189572134,
    0.0
  ],
  "fitness": 38.295548277338646,
  "result": {
    "fitness": 38.295548277338646,
    "distance": 38.59964353145687,
    "laps": 0,
    "avg_cte": 1.2066136204645097,
    "avg_speed": 4.218263973621595,
    "steps": 173,
    "time": 8.65
  },
  "generations": 50,
  "pop_size": 100
}